{"schemaVersion":"1.0","appDefinitionTemplate":{"id":"/providers/Microsoft.PowerApps/apps/","type":"Microsoft.PowerApps/apps","tags":{"primaryDeviceWidth":"640","primaryDeviceHeight":"1136","supportsPortrait":"true","supportsLandscape":"false","primaryFormFactor":"Phone","showStatusBar":"false","publisherVersion":"3.25052.13","minimumRequiredApiVersion":"2.2.0","hasComponent":"true","hasUnlockedComponent":"true","isUnifiedRootApp":"false","sienaVersion":"20250529T171535Z-3.25052.13.0"},"properties":{"appVersion":"2025-05-29T17:15:35Z","lifeCycleId":"Published","createdByClientVersion":{"major":3,"minor":25052,"build":13,"revision":0,"majorRevision":0,"minorRevision":0},"minClientVersion":{"major":3,"minor":25052,"build":13,"revision":0,"majorRevision":0,"minorRevision":0},"backgroundColor":"rgba(142, 140, 216, 1)","backgroundImageUri":"/17623923476466759934/Nef34d4b9-1a21-4061-9e87-1a1cca0acc65-logoSmallFile","displayName":"Coworking","description":"App para registrar asistencia a oficina","commitMessage":"","appUris":{"documentUri":{"value":"/17623923476466759934/N223aca4b-36a2-4ac9-ae86-0efdb97da10a-document.msapp"},"imageUris":[],"additionalUris":[{"isSolutionAware":false,"value":"/17623923476466759934/N619d8c7f-ef29-43c8-af04-406be01bcd17-identity.json"}]},"createdTime":"0001-01-01T00:00:00Z","lastModifiedTime":"0001-01-01T00:00:00Z","sharedGroupsCount":0,"sharedUsersCount":0,"connectionReferences":{"64852b16-4509-4d34-be4c-adfa1f496b3a":{"id":"6441d6f0-274d-4b64-a573-fea7b5230f6e","displayName":"Usuarios de Office 365","iconUri":"https://conn-afd-prod-endpoint-bmc9bqahasf3grgk.b01.azurefd.net/v1.0.1751/1.0.1751.4213/office365users/icon.png","dataSources":["Office365Users"],"dependencies":[],"dependents":[],"parameterHints":{},"parameterHintsV2":{},"isOnPremiseConnection":false,"bypassConsent":false,"dataSets":{},"apiTier":"Standard","isCustomApiConnection":false,"actions":["MyProfile"]},"4b4ff9e5-5f38-4065-a814-af7bcbc1eb54":{"id":"33be2915-1358-441b-84fd-b4cb993145e0","displayName":"SharePoint","iconUri":"https://conn-afd-prod-endpoint-bmc9bqahasf3grgk.b01.azurefd.net/releases/v1.0.1746/1.0.1746.4174/sharepointonline/icon.png","dataSources":["Coworking - Cantidad Pais","Coworking - Usuarios asignados pais","Coworking Desk Reservations","Coworking - Paises"],"dependencies":[],"dependents":[],"parameterHints":{},"parameterHintsV2":{},"isOnPremiseConnection":false,"bypassConsent":false,"dataSets":{"https://planinternational.sharepoint.com/sites/ROA2/cscit":{"dataSources":{"Coworking - Cantidad Pais":{"tableName":"349f0c9b-8f87-4fb4-a48b-2884a90eaa83"},"Coworking - Usuarios asignados pais":{"tableName":"ad90e2bb-3e20-461f-be70-3f7c2497dda7"},"Coworking Desk Reservations":{"tableName":"54299be9-416d-47f5-9f58-e3b8eb2c3d6e"},"Coworking - Paises":{"tableName":"f7b86340-0913-4156-bbb9-5bbf33b1a994"}}}},"apiTier":"Standard","isCustomApiConnection":false,"actions":["providers/PowerPlatform.Governance/Operations/Read","providers/PowerPlatform.Governance/Operations/Write","providers/PowerPlatform.Governance/Operations/Delete"]},"4dea23e5-7922-4eca-99ca-ec1a296427e8":{"id":"28001261-1e71-46f5-aab7-b3c1ba4b2583","displayName":"Flujos lógicos","iconUri":"https://conn-afd-prod-endpoint-bmc9bqahasf3grgk.b01.azurefd.net/releases/v1.0.1745/1.0.1745.4169/logicflows/icon.png","dataSources":["ReservaNotificar"],"dependencies":["33fac879-858f-45db-b704-8ec8a9a54182"],"dependents":[],"parameterHints":{"workflowName":{"value":"8a9f0bd0-055d-4a27-af21-0c077ec157f8"},"workflowEntityId":{},"workflowDisplayName":{"value":"ReservaNotificarPais"},"33fac879-858f-45db-b704-8ec8a9a54182":{"value":"shared_office365"}},"parameterHintsV2":{"workflowName":{"value":"8a9f0bd0-055d-4a27-af21-0c077ec157f8"},"workflowEntityId":{},"workflowDisplayName":{"value":"ReservaNotificarPais"},"shared_office365":{"value":"33fac879-858f-45db-b704-8ec8a9a54182"}},"isOnPremiseConnection":false,"bypassConsent":false,"dataSets":{},"apiTier":"Standard","isCustomApiConnection":false,"actions":["Run"],"nestedActions":[{"id":"/providers/Microsoft.PowerApps/apis/shared_office365/apiOperations/SendEmailV2","flowConnectionRef":"shared_office365","apiName":"Office 365 Outlook","actionName":"SendEmailV2","referencedResources":[]}]},"33fac879-858f-45db-b704-8ec8a9a54182":{"id":"3f38bb88-926d-4043-97df-b2a411a06b95","displayName":"Office 365 Outlook","iconUri":"https://conn-afd-prod-endpoint-bmc9bqahasf3grgk.b01.azurefd.net/v1.0.1751/1.0.1751.4216/office365/icon.png","dataSources":[],"dependencies":[],"dependents":["4dea23e5-7922-4eca-99ca-ec1a296427e8"],"parameterHints":{},"parameterHintsV2":{},"isOnPremiseConnection":false,"bypassConsent":false,"dataSets":{},"apiTier":"Standard","isCustomApiConnection":false}},"databaseReferences":{},"almMode":"Environment","performanceOptimizationEnabled":true,"canConsumeAppPass":true,"enableModernRuntimeMode":false,"executionRestrictions":{"isTeamsOnly":false,"dataLossPreventionEvaluationResult":{"status":"Compliant","lastEvaluationDate":"2025-05-29T17:15:45.982994Z","violations":[],"violationsByPolicy":[],"violationErrorMessage":"La aplicación usa los siguientes conectores: shared_office365users, shared_sharepointonline, shared_logicflows, shared_office365."},"httpActionRestriction":{"appUsesSharepointHttpAction":false,"enforcementStrategy":"Legacy","evaluationTime":"2025-05-29T17:15:45.9828326Z"}}},"isAppComponentLibrary":false,"appType":"ClassicCanvasApp","appComponents":[]}}